Dwight Bergles ; Bergles DE ; Neuroscience 
Jeremiah Cohen ; Cohen JY ; Neuroscience
Ed Connor ; Connor CE ; Neuroscience
Gul Dolen ; Dolen G ; Neuroscience
David Foster ; Foster DJ ; Neuroscience
Richard Huganir ; Huganir RL ; Neuroscience
Jim Knierim ; Knierim JJ ; Neuroscience
Alex Kolodkin ; Kolodkin AL ; Neuroscience
David Linden ; Linden DJ ; Neuroscience
Dan O’Connor ; O'Connor DH ; Neuroscience
Marshall Shuler ; Shuler MG ; Neuroscience
Solomon Snyder ; Snyder SH ; Neuroscience
Guo-Li Ming ; Ming GL ; Neurology
Hongjun Song ; Hongjun Song ; Neurology
Michela Gallagher ; Gallagher M ; Psychological and Brain Sciences
Patricia Janak ; Janak PH ; Psychological and Brain Sciences
Xingde Li ; Li XD ; Biomedical Engineering
Michael Miller ; Miller MI ; Biomedical Engineering
Joshua Vogelstein ; Vogelstein JT ; Biomedical Engineering
Xiaoqin Wang ; Xiaoqin Wang ; Biomedical Engineering
Vikram Chib ; Chib VS ; Biomedical Engineering
David Yue ; Yue DT ; Biomedical Engineering
Sri Sarma ; Sarma SV ; Biomedical Engineering
Kechen Zhang ; Kechen Zhang ; Biomedical Engineering
Gregory Hager ; Hager GD ; Computer Science
Misha Kazhdan ; Kazhdan M ; Computer Science
Randal Burns ; Randal Burns ; Computer Science
Jeremy Nathans ; Nathans J ; Molecular Biology
Jin Zhang ; Jin Zhang ; Pharmacology
Susumu Mori ; Susumu Mori ; Radiology
Denis Wirtz ; Wirtz D ; Chemical and Biomolecular Engineering
Jin Kang ; Kang JU ; Chemical and Biomolecular Engineering
Don Geman ; Geman D ; Applied Mathematics and Statistics
Laurent Younes ; Younes L ; Applied Mathematics and Statistics
Dan Naiman ; Naiman D ; Applied Mathematics and Statistics
Carey Priebe ; Priebe C ; Applied Mathematics and Statistics
Alexander Szalay ; Szalay AS ; Physics
Mark A. Chevillet ; Chevillet MA ; Applied Physics Laboratory
Brian Caffo ; Caffo BS ; Biostatistics
Ciprian Crainiceanu ; Crainiceanu CM ; Biostatistics
Martin Lindquist ; Lindquist MA ; Biostatistics
Peter Searson ; Searson PC ; Materials Science an Engineering
Kenichi Oishi ; Oishi K ; Radiology
Andreas Andreou ; Andreou AG ; Electrical Engineering
Samer Hattar ; Hattar S ; Biology
Rene Vidal ; Rene Vidal ; Biomedical Engineering
Hey Kyoung Lee ; Hey Kyoung Lee ; Mind and Brain Institute
Paul Worley ; Worley PF ; Cellular and Molecular Medicine
King-Wai Yau ; Yau KW ; Neuroscience
